{
    "M_geometric": [
        [
            0.8254885072912379,
            0.26849567338668096
        ],
        [
            0.5644189262684978,
            0.9632808901730755
        ]
    ],
    "M_physics": [
        [
            1.0,
            0.2787304057681862
        ],
        [
            0.6837392904724802,
            1.0
        ]
    ],
    "diagonal_mean": 0.2787304057681862,
    "steep_mean": 1.4625457596695608,
    "slope_ratio": 5.247169771947762,
    "orthogonality_angle_deg": 90.00000000000001,
    "diagonal_95_CI": [
        0.1831549231706458,
        0.3743058883657266
    ],
    "steep_95_CI": [
        1.3167584656781515,
        1.6083330536609701
    ]
}