{
    "M_geometric": [
        [
            0.9664678416792177,
            0.2544697028091085
        ],
        [
            0.25678767688484283,
            0.9670807465523468
        ]
    ],
    "M_physics": [
        [
            1.0,
            0.26313180540125086
        ],
        [
            0.26569707320905744,
            1.0
        ]
    ],
    "diagonal_mean": 0.26313180540125086,
    "steep_mean": 3.7636846651042095,
    "slope_ratio": 14.303419760925328,
    "orthogonality_angle_deg": 90.0,
    "diagonal_95_CI": [
        0.24867250169424168,
        0.27759110910826
    ],
    "steep_95_CI": [
        3.309061379016847,
        4.218307951191572
    ]
}