{
    "M_virtual_gate": [
        [
            0.9664678416792177,
            0.2544697028091085
        ],
        [
            0.25678767688484283,
            0.9670807465523468
        ]
    ],
    "diagonal_mean": 0.26313180540125086,
    "steep_mean": 3.7636846651042095,
    "slope_ratio": 14.303419760925328,
    "orthogonality_angle_deg": 90.0
}