{
    "M_geometric": [
        [
            0.8254885072912379,
            0.23744385129385784
        ],
        [
            0.5644189262684978,
            0.9714012649172021
        ]
    ],
    "M_physics": [
        [
            1.0,
            0.24443436494196502
        ],
        [
            0.6837392904724802,
            1.0
        ]
    ],
    "diagonal_mean": 0.24443436494196502,
    "steep_mean": 1.4625457596695608,
    "slope_ratio": 5.983388465107215,
    "orthogonality_angle_deg": 90.0,
    "diagonal_95_CI": [
        0.23226596869282073,
        0.2566027611911093
    ],
    "steep_95_CI": [
        1.3167584656781515,
        1.6083330536609701
    ]
}