{
    "M_geometric": [
        [
            0.9648172134369892,
            0.2497600577033707
        ],
        [
            0.2629215560879008,
            0.9683077576762509
        ]
    ],
    "M_physics": [
        [
            1.0,
            0.2579345830118577
        ],
        [
            0.27250918871077107,
            1.0
        ]
    ],
    "diagonal_mean": 0.2579345830118577,
    "steep_mean": 3.6696010315503704,
    "slope_ratio": 14.226867094365833,
    "orthogonality_angle_deg": 90.0,
    "diagonal_95_CI": [
        0.2410219360329463,
        0.27484722999076905
    ],
    "steep_95_CI": [
        3.250726364116605,
        4.088475698984136
    ]
}