{
    "M_geometric": [
        [
            0.7760411058545268,
            0.25737542023943405
        ],
        [
            0.6306823305151993,
            0.9663114886290934
        ]
    ],
    "M_physics": [
        [
            1.0,
            0.2663482979019246
        ],
        [
            0.8126919125253452,
            1.0
        ]
    ],
    "diagonal_mean": 0.2663482979019246,
    "steep_mean": 1.2304785916874905,
    "slope_ratio": 4.619810231115426,
    "orthogonality_angle_deg": 90.00000000000001,
    "diagonal_95_CI": [
        0.25582326049442894,
        0.27687333530942027
    ],
    "steep_95_CI": [
        0.8956286840690024,
        1.5653284993059786
    ]
}