{
    "M_geometric": [
        [
            0.9645123691474269,
            0.2695122687871804
        ],
        [
            0.2640376673158922,
            0.9629969558483488
        ]
    ],
    "M_physics": [
        [
            1.0,
            0.2798682458448215
        ],
        [
            0.27375249479619035,
            1.0
        ]
    ],
    "diagonal_mean": 0.2798682458448215,
    "steep_mean": 3.6529347458349317,
    "slope_ratio": 13.052337305391816,
    "orthogonality_angle_deg": 90.0,
    "diagonal_95_CI": [
        0.2526545066609383,
        0.3070819850287047
    ],
    "steep_95_CI": [
        3.5459549608018066,
        3.759914530868057
    ]
}