{
    "M_geometric": [
        [
            0.8003389079559684,
            0.2663465797652865
        ],
        [
            0.5995478566485314,
            0.9638773259327839
        ]
    ],
    "M_physics": [
        [
            1.0,
            0.27632829676487297
        ],
        [
            0.7491174684731388,
            1.0
        ]
    ],
    "diagonal_mean": 0.27632829676487297,
    "steep_mean": 1.3349041266361248,
    "slope_ratio": 4.830862934649039,
    "orthogonality_angle_deg": 90.0,
    "diagonal_95_CI": [
        0.2690879361097772,
        0.28356865741996873
    ],
    "steep_95_CI": [
        1.1834729785413733,
        1.4863352747308762
    ]
}